image_id,cluster
3,cluster_LynxID2025_32
5,cluster_LynxID2025_03
12,cluster_LynxID2025_74
13,cluster_LynxID2025_05
18,cluster_LynxID2025_05
19,cluster_LynxID2025_43
27,cluster_LynxID2025_49
33,cluster_LynxID2025_62
36,cluster_LynxID2025_32
45,cluster_LynxID2025_49
46,cluster_LynxID2025_05
47,cluster_LynxID2025_25
48,cluster_LynxID2025_49
49,cluster_LynxID2025_32
55,cluster_LynxID2025_05
58,cluster_LynxID2025_74
61,cluster_LynxID2025_43
62,cluster_LynxID2025_62
63,cluster_LynxID2025_62
64,cluster_LynxID2025_49
65,cluster_LynxID2025_49
67,cluster_LynxID2025_49
68,cluster_LynxID2025_62
74,cluster_LynxID2025_62
81,cluster_LynxID2025_43
84,cluster_LynxID2025_32
85,cluster_LynxID2025_49
86,cluster_LynxID2025_62
89,cluster_LynxID2025_49
90,cluster_LynxID2025_05
94,cluster_LynxID2025_54
97,cluster_LynxID2025_62
98,cluster_LynxID2025_49
106,cluster_LynxID2025_49
113,cluster_LynxID2025_49
123,cluster_LynxID2025_62
124,cluster_LynxID2025_43
126,cluster_LynxID2025_62
131,cluster_LynxID2025_25
137,cluster_LynxID2025_43
139,cluster_LynxID2025_05
145,cluster_LynxID2025_49
150,cluster_LynxID2025_25
163,cluster_LynxID2025_62
166,cluster_LynxID2025_05
167,cluster_LynxID2025_62
168,cluster_LynxID2025_05
171,cluster_LynxID2025_62
173,cluster_LynxID2025_49
182,cluster_LynxID2025_49
183,cluster_LynxID2025_62
186,cluster_LynxID2025_05
188,cluster_LynxID2025_43
190,cluster_LynxID2025_62
192,cluster_LynxID2025_05
195,cluster_LynxID2025_74
202,cluster_LynxID2025_49
203,cluster_LynxID2025_32
205,cluster_LynxID2025_45
209,cluster_LynxID2025_62
210,cluster_LynxID2025_43
213,cluster_LynxID2025_49
216,cluster_LynxID2025_49
219,cluster_LynxID2025_62
221,cluster_LynxID2025_49
228,cluster_LynxID2025_06
231,cluster_LynxID2025_43
240,cluster_LynxID2025_25
242,cluster_LynxID2025_49
245,cluster_LynxID2025_62
264,cluster_LynxID2025_05
266,cluster_LynxID2025_74
273,cluster_LynxID2025_05
276,cluster_LynxID2025_46
280,cluster_LynxID2025_62
282,cluster_LynxID2025_62
286,cluster_LynxID2025_49
289,cluster_LynxID2025_32
293,cluster_LynxID2025_62
294,cluster_LynxID2025_32
296,cluster_LynxID2025_25
311,cluster_LynxID2025_49
312,cluster_LynxID2025_74
315,cluster_LynxID2025_25
338,cluster_LynxID2025_49
347,cluster_LynxID2025_49
357,cluster_LynxID2025_25
359,cluster_LynxID2025_62
361,cluster_LynxID2025_49
366,cluster_LynxID2025_74
368,cluster_LynxID2025_74
373,cluster_LynxID2025_32
375,cluster_LynxID2025_62
378,cluster_LynxID2025_62
380,cluster_LynxID2025_74
397,cluster_LynxID2025_05
411,cluster_LynxID2025_74
415,cluster_LynxID2025_05
422,cluster_LynxID2025_49
423,cluster_LynxID2025_32
424,cluster_LynxID2025_43
427,cluster_LynxID2025_49
429,cluster_LynxID2025_49
431,cluster_LynxID2025_62
432,cluster_LynxID2025_03
437,cluster_LynxID2025_62
439,cluster_LynxID2025_32
443,cluster_LynxID2025_74
454,cluster_LynxID2025_05
459,cluster_LynxID2025_05
465,cluster_LynxID2025_74
469,cluster_LynxID2025_05
470,cluster_LynxID2025_43
474,cluster_LynxID2025_62
475,cluster_LynxID2025_62
478,cluster_LynxID2025_49
479,cluster_LynxID2025_05
480,cluster_LynxID2025_49
481,cluster_LynxID2025_60
482,cluster_LynxID2025_05
491,cluster_LynxID2025_49
494,cluster_LynxID2025_32
500,cluster_LynxID2025_74
501,cluster_LynxID2025_49
507,cluster_LynxID2025_32
509,cluster_LynxID2025_62
512,cluster_LynxID2025_49
515,cluster_LynxID2025_74
516,cluster_LynxID2025_25
519,cluster_LynxID2025_25
520,cluster_LynxID2025_49
522,cluster_LynxID2025_05
524,cluster_LynxID2025_62
526,cluster_LynxID2025_62
530,cluster_LynxID2025_43
537,cluster_LynxID2025_05
544,cluster_LynxID2025_62
547,cluster_LynxID2025_49
549,cluster_LynxID2025_03
551,cluster_LynxID2025_05
552,cluster_LynxID2025_62
555,cluster_LynxID2025_49
559,cluster_LynxID2025_49
562,cluster_LynxID2025_05
565,cluster_LynxID2025_05
567,cluster_LynxID2025_03
569,cluster_LynxID2025_32
570,cluster_LynxID2025_62
573,cluster_LynxID2025_43
577,cluster_LynxID2025_49
578,cluster_LynxID2025_62
579,cluster_LynxID2025_25
580,cluster_LynxID2025_54
583,cluster_LynxID2025_43
584,cluster_LynxID2025_25
588,cluster_LynxID2025_32
589,cluster_LynxID2025_25
591,cluster_LynxID2025_25
592,cluster_LynxID2025_25
594,cluster_LynxID2025_62
595,cluster_LynxID2025_49
599,cluster_LynxID2025_49
602,cluster_LynxID2025_49
603,cluster_LynxID2025_25
611,cluster_LynxID2025_45
620,cluster_LynxID2025_16
625,cluster_LynxID2025_62
626,cluster_LynxID2025_05
628,cluster_LynxID2025_25
630,cluster_LynxID2025_49
636,cluster_LynxID2025_46
643,cluster_LynxID2025_49
645,cluster_LynxID2025_74
648,cluster_LynxID2025_49
649,cluster_LynxID2025_03
651,cluster_LynxID2025_49
655,cluster_LynxID2025_49
656,cluster_LynxID2025_49
662,cluster_LynxID2025_74
669,cluster_LynxID2025_62
670,cluster_LynxID2025_05
672,cluster_LynxID2025_77
673,cluster_LynxID2025_05
676,cluster_LynxID2025_49
678,cluster_LynxID2025_05
683,cluster_LynxID2025_62
685,cluster_LynxID2025_49
690,cluster_LynxID2025_25
694,cluster_LynxID2025_49
699,cluster_LynxID2025_43
704,cluster_LynxID2025_62
707,cluster_LynxID2025_46
711,cluster_LynxID2025_25
712,cluster_LynxID2025_62
713,cluster_LynxID2025_32
715,cluster_LynxID2025_05
719,cluster_LynxID2025_62
722,cluster_LynxID2025_32
724,cluster_LynxID2025_86
726,cluster_LynxID2025_49
730,cluster_LynxID2025_32
734,cluster_LynxID2025_43
735,cluster_LynxID2025_49
738,cluster_LynxID2025_62
739,cluster_LynxID2025_03
741,cluster_LynxID2025_49
749,cluster_LynxID2025_54
750,cluster_LynxID2025_49
751,cluster_LynxID2025_49
753,cluster_LynxID2025_05
760,cluster_LynxID2025_05
761,cluster_LynxID2025_62
764,cluster_LynxID2025_49
766,cluster_LynxID2025_49
770,cluster_LynxID2025_25
776,cluster_LynxID2025_49
781,cluster_LynxID2025_49
782,cluster_LynxID2025_62
784,cluster_LynxID2025_49
786,cluster_LynxID2025_45
787,cluster_LynxID2025_49
790,cluster_LynxID2025_62
791,cluster_LynxID2025_05
793,cluster_LynxID2025_05
794,cluster_LynxID2025_46
795,cluster_LynxID2025_05
797,cluster_LynxID2025_62
798,cluster_LynxID2025_62
800,cluster_LynxID2025_25
804,cluster_LynxID2025_05
808,cluster_LynxID2025_43
817,cluster_LynxID2025_95
819,cluster_LynxID2025_49
824,cluster_LynxID2025_74
840,cluster_LynxID2025_25
849,cluster_LynxID2025_62
855,cluster_LynxID2025_05
859,cluster_LynxID2025_49
865,cluster_LynxID2025_49
871,cluster_LynxID2025_05
872,cluster_LynxID2025_05
874,cluster_LynxID2025_49
881,cluster_LynxID2025_32
886,cluster_LynxID2025_32
887,cluster_LynxID2025_62
893,cluster_LynxID2025_05
897,cluster_LynxID2025_62
904,cluster_LynxID2025_62
907,cluster_LynxID2025_49
915,cluster_LynxID2025_32
917,cluster_LynxID2025_62
920,cluster_LynxID2025_25
939,cluster_LynxID2025_49
941,cluster_LynxID2025_05
945,cluster_LynxID2025_62
951,cluster_LynxID2025_43
962,cluster_LynxID2025_62
963,cluster_LynxID2025_49
964,cluster_LynxID2025_05
969,cluster_LynxID2025_62
980,cluster_LynxID2025_62
983,cluster_LynxID2025_46
985,cluster_LynxID2025_49
990,cluster_LynxID2025_05
991,cluster_LynxID2025_49
992,cluster_LynxID2025_74
994,cluster_LynxID2025_32
995,cluster_LynxID2025_05
1000,cluster_LynxID2025_49
1001,cluster_LynxID2025_62
1005,cluster_LynxID2025_49
1006,cluster_LynxID2025_05
1008,cluster_LynxID2025_62
1011,cluster_LynxID2025_74
1012,cluster_LynxID2025_75
1013,cluster_LynxID2025_05
1019,cluster_LynxID2025_62
1021,cluster_LynxID2025_49
1031,cluster_LynxID2025_62
1034,cluster_LynxID2025_49
1039,cluster_LynxID2025_62
1042,cluster_LynxID2025_49
1045,cluster_LynxID2025_49
1046,cluster_LynxID2025_25
1047,cluster_LynxID2025_49
1048,cluster_LynxID2025_49
1053,cluster_LynxID2025_43
1055,cluster_LynxID2025_35
1057,cluster_LynxID2025_49
1060,cluster_LynxID2025_62
1064,cluster_LynxID2025_32
1065,cluster_LynxID2025_25
1068,cluster_LynxID2025_05
1069,cluster_LynxID2025_74
1071,cluster_LynxID2025_25
1075,cluster_LynxID2025_49
1089,cluster_LynxID2025_05
1090,cluster_LynxID2025_16
1094,cluster_LynxID2025_05
1095,cluster_LynxID2025_32
1096,cluster_LynxID2025_43
1107,cluster_LynxID2025_32
1108,cluster_LynxID2025_05
1111,cluster_LynxID2025_62
1115,cluster_LynxID2025_62
1119,cluster_LynxID2025_62
1120,cluster_LynxID2025_45
1122,cluster_LynxID2025_62
1131,cluster_LynxID2025_43
1135,cluster_LynxID2025_62
1137,cluster_LynxID2025_45
1139,cluster_LynxID2025_46
1143,cluster_LynxID2025_62
1147,cluster_LynxID2025_43
1153,cluster_LynxID2025_49
1154,cluster_LynxID2025_49
1162,cluster_LynxID2025_49
1163,cluster_LynxID2025_49
1164,cluster_LynxID2025_25
1175,cluster_LynxID2025_62
1182,cluster_LynxID2025_74
1191,cluster_LynxID2025_74
1192,cluster_LynxID2025_74
1197,cluster_LynxID2025_74
1198,cluster_LynxID2025_74
1203,cluster_LynxID2025_56
1205,cluster_LynxID2025_49
1207,cluster_LynxID2025_62
1209,cluster_LynxID2025_43
1211,cluster_LynxID2025_49
1213,cluster_LynxID2025_75
1214,cluster_LynxID2025_49
1221,cluster_LynxID2025_05
1223,cluster_LynxID2025_43
1225,cluster_LynxID2025_05
1232,cluster_LynxID2025_32
1233,cluster_LynxID2025_49
1234,cluster_LynxID2025_49
1235,cluster_LynxID2025_74
1237,cluster_LynxID2025_62
1245,cluster_LynxID2025_32
1247,cluster_LynxID2025_49
1248,cluster_LynxID2025_05
1249,cluster_LynxID2025_25
1255,cluster_LynxID2025_62
1259,cluster_LynxID2025_74
1264,cluster_LynxID2025_62
1266,cluster_LynxID2025_45
1267,cluster_LynxID2025_46
1270,cluster_LynxID2025_03
1271,cluster_LynxID2025_25
1277,cluster_LynxID2025_03
1278,cluster_LynxID2025_05
1280,cluster_LynxID2025_49
1288,cluster_LynxID2025_05
1297,cluster_LynxID2025_56
1309,cluster_LynxID2025_49
1311,cluster_LynxID2025_32
1313,cluster_LynxID2025_49
1318,cluster_LynxID2025_62
1322,cluster_LynxID2025_62
1325,cluster_LynxID2025_75
1330,cluster_LynxID2025_62
1335,cluster_LynxID2025_60
1343,cluster_LynxID2025_05
1345,cluster_LynxID2025_45
1349,cluster_LynxID2025_05
1351,cluster_LynxID2025_62
1353,cluster_LynxID2025_05
1363,cluster_LynxID2025_05
1367,cluster_LynxID2025_25
1368,cluster_LynxID2025_25
1370,cluster_LynxID2025_32
1371,cluster_LynxID2025_05
1375,cluster_LynxID2025_49
1385,cluster_LynxID2025_49
1388,cluster_LynxID2025_49
1392,cluster_LynxID2025_74
1394,cluster_LynxID2025_25
1399,cluster_LynxID2025_62
1403,cluster_LynxID2025_62
1406,cluster_LynxID2025_05
1410,cluster_LynxID2025_62
1413,cluster_LynxID2025_25
1416,cluster_LynxID2025_62
1421,cluster_LynxID2025_45
1425,cluster_LynxID2025_49
1427,cluster_LynxID2025_74
1428,cluster_LynxID2025_49
1431,cluster_LynxID2025_05
1432,cluster_LynxID2025_05
1433,cluster_LynxID2025_74
1439,cluster_LynxID2025_62
1441,cluster_LynxID2025_62
1444,cluster_LynxID2025_05
1447,cluster_LynxID2025_49
1453,cluster_LynxID2025_49
1454,cluster_LynxID2025_62
1455,cluster_LynxID2025_32
1457,cluster_LynxID2025_62
1465,cluster_LynxID2025_74
1466,cluster_LynxID2025_49
1474,cluster_LynxID2025_74
1475,cluster_LynxID2025_49
1491,cluster_LynxID2025_32
1492,cluster_LynxID2025_49
1493,cluster_LynxID2025_05
1494,cluster_LynxID2025_49
1504,cluster_LynxID2025_43
1509,cluster_LynxID2025_62
1513,cluster_LynxID2025_32
1525,cluster_LynxID2025_45
1526,cluster_LynxID2025_43
1527,cluster_LynxID2025_74
1538,cluster_LynxID2025_49
1539,cluster_LynxID2025_32
1541,cluster_LynxID2025_62
1545,cluster_LynxID2025_05
1546,cluster_LynxID2025_49
1547,cluster_LynxID2025_56
1550,cluster_LynxID2025_62
1557,cluster_LynxID2025_49
1559,cluster_LynxID2025_03
1566,cluster_LynxID2025_05
1573,cluster_LynxID2025_74
1574,cluster_LynxID2025_05
1575,cluster_LynxID2025_49
1578,cluster_LynxID2025_32
1580,cluster_LynxID2025_49
1583,cluster_LynxID2025_49
1585,cluster_LynxID2025_74
1586,cluster_LynxID2025_62
1588,cluster_LynxID2025_74
1592,cluster_LynxID2025_62
1594,cluster_LynxID2025_62
1596,cluster_LynxID2025_49
1600,cluster_LynxID2025_49
1607,cluster_LynxID2025_32
1610,cluster_LynxID2025_49
1612,cluster_LynxID2025_49
1615,cluster_LynxID2025_74
1616,cluster_LynxID2025_49
1619,cluster_LynxID2025_49
1621,cluster_LynxID2025_49
1625,cluster_LynxID2025_49
1628,cluster_LynxID2025_32
1631,cluster_LynxID2025_32
1632,cluster_LynxID2025_62
1641,cluster_LynxID2025_05
1643,cluster_LynxID2025_62
1651,cluster_LynxID2025_62
1652,cluster_LynxID2025_49
1659,cluster_LynxID2025_05
1660,cluster_LynxID2025_05
1666,cluster_LynxID2025_62
1673,cluster_LynxID2025_62
1674,cluster_LynxID2025_49
1681,cluster_LynxID2025_05
1684,cluster_LynxID2025_05
1688,cluster_LynxID2025_05
1689,cluster_LynxID2025_74
1694,cluster_LynxID2025_41
1701,cluster_LynxID2025_62
1704,cluster_LynxID2025_49
1714,cluster_LynxID2025_28
1725,cluster_LynxID2025_43
1726,cluster_LynxID2025_74
1728,cluster_LynxID2025_74
1735,cluster_LynxID2025_05
1743,cluster_LynxID2025_32
1744,cluster_LynxID2025_62
1749,cluster_LynxID2025_49
1759,cluster_LynxID2025_25
1774,cluster_LynxID2025_49
1776,cluster_LynxID2025_05
1777,cluster_LynxID2025_25
1790,cluster_LynxID2025_05
1795,cluster_LynxID2025_62
1804,cluster_LynxID2025_05
1806,cluster_LynxID2025_46
1812,cluster_LynxID2025_62
1818,cluster_LynxID2025_25
1820,cluster_LynxID2025_49
1823,cluster_LynxID2025_25
1829,cluster_LynxID2025_75
1834,cluster_LynxID2025_62
1835,cluster_LynxID2025_62
1836,cluster_LynxID2025_05
1840,cluster_LynxID2025_49
1843,cluster_LynxID2025_03
1854,cluster_LynxID2025_74
1861,cluster_LynxID2025_05
1867,cluster_LynxID2025_05
1869,cluster_LynxID2025_49
1870,cluster_LynxID2025_03
1871,cluster_LynxID2025_74
1873,cluster_LynxID2025_62
1874,cluster_LynxID2025_49
1878,cluster_LynxID2025_32
1892,cluster_LynxID2025_62
1894,cluster_LynxID2025_25
1897,cluster_LynxID2025_49
1899,cluster_LynxID2025_62
1901,cluster_LynxID2025_62
1903,cluster_LynxID2025_62
1913,cluster_LynxID2025_49
1917,cluster_LynxID2025_43
1921,cluster_LynxID2025_62
1923,cluster_LynxID2025_43
1925,cluster_LynxID2025_06
1930,cluster_LynxID2025_49
1935,cluster_LynxID2025_49
1936,cluster_LynxID2025_49
1937,cluster_LynxID2025_62
1939,cluster_LynxID2025_05
1941,cluster_LynxID2025_05
1943,cluster_LynxID2025_49
1945,cluster_LynxID2025_49
1951,cluster_LynxID2025_05
1955,cluster_LynxID2025_45
1957,cluster_LynxID2025_05
1961,cluster_LynxID2025_62
1965,cluster_LynxID2025_49
1969,cluster_LynxID2025_49
1971,cluster_LynxID2025_25
1975,cluster_LynxID2025_43
1981,cluster_LynxID2025_05
1985,cluster_LynxID2025_62
1991,cluster_LynxID2025_43
2005,cluster_LynxID2025_05
2007,cluster_LynxID2025_03
2008,cluster_LynxID2025_32
2014,cluster_LynxID2025_49
2029,cluster_LynxID2025_62
2030,cluster_LynxID2025_43
2035,cluster_LynxID2025_05
2037,cluster_LynxID2025_05
2038,cluster_LynxID2025_62
2040,cluster_LynxID2025_45
2044,cluster_LynxID2025_25
2049,cluster_LynxID2025_32
2057,cluster_LynxID2025_62
2058,cluster_LynxID2025_32
2078,cluster_LynxID2025_49
2079,cluster_LynxID2025_05
2081,cluster_LynxID2025_62
2082,cluster_LynxID2025_45
2086,cluster_LynxID2025_74
2090,cluster_LynxID2025_74
2091,cluster_LynxID2025_62
2105,cluster_LynxID2025_43
2106,cluster_LynxID2025_32
2107,cluster_LynxID2025_25
2110,cluster_LynxID2025_49
2117,cluster_LynxID2025_49
2118,cluster_LynxID2025_74
2119,cluster_LynxID2025_49
2124,cluster_LynxID2025_32
2127,cluster_LynxID2025_62
2129,cluster_LynxID2025_62
2136,cluster_LynxID2025_62
2137,cluster_LynxID2025_05
2144,cluster_LynxID2025_49
2146,cluster_LynxID2025_62
2151,cluster_LynxID2025_05
2161,cluster_LynxID2025_49
2164,cluster_LynxID2025_05
2166,cluster_LynxID2025_62
2169,cluster_LynxID2025_05
2170,cluster_LynxID2025_05
2174,cluster_LynxID2025_62
2178,cluster_LynxID2025_49
2184,cluster_LynxID2025_62
2190,cluster_LynxID2025_45
2196,cluster_LynxID2025_05
2198,cluster_LynxID2025_05
2200,cluster_LynxID2025_62
2205,cluster_LynxID2025_62
2207,cluster_LynxID2025_05
2208,cluster_LynxID2025_62
2219,cluster_LynxID2025_05
2220,cluster_LynxID2025_25
2222,cluster_LynxID2025_05
2226,cluster_LynxID2025_74
2228,cluster_LynxID2025_05
2231,cluster_LynxID2025_46
2232,cluster_LynxID2025_45
2235,cluster_LynxID2025_25
2246,cluster_LynxID2025_46
2248,cluster_LynxID2025_05
2257,cluster_LynxID2025_74
2265,cluster_LynxID2025_74
2268,cluster_LynxID2025_05
2272,cluster_LynxID2025_49
2283,cluster_LynxID2025_25
2290,cluster_LynxID2025_25
2292,cluster_LynxID2025_49
2293,cluster_LynxID2025_41
2294,cluster_LynxID2025_05
2301,cluster_LynxID2025_62
2303,cluster_LynxID2025_25
2307,cluster_LynxID2025_05
2313,cluster_LynxID2025_43
2320,cluster_LynxID2025_49
2322,cluster_LynxID2025_05
2324,cluster_LynxID2025_49
2326,cluster_LynxID2025_05
2330,cluster_LynxID2025_05
2336,cluster_LynxID2025_43
2338,cluster_LynxID2025_49
2343,cluster_LynxID2025_05
2369,cluster_LynxID2025_56
2375,cluster_LynxID2025_05
2379,cluster_LynxID2025_49
2385,cluster_LynxID2025_74
2388,cluster_LynxID2025_74
2389,cluster_LynxID2025_49
2390,cluster_LynxID2025_49
2399,cluster_LynxID2025_05
2403,cluster_LynxID2025_32
2404,cluster_LynxID2025_43
2406,cluster_LynxID2025_62
2408,cluster_LynxID2025_28
2409,cluster_LynxID2025_49
2411,cluster_LynxID2025_49
2426,cluster_LynxID2025_49
2435,cluster_LynxID2025_05
2437,cluster_LynxID2025_49
2441,cluster_LynxID2025_49
2469,cluster_LynxID2025_49
2472,cluster_LynxID2025_49
2473,cluster_LynxID2025_74
2477,cluster_LynxID2025_74
2478,cluster_LynxID2025_62
2487,cluster_LynxID2025_62
2491,cluster_LynxID2025_62
2495,cluster_LynxID2025_05
2496,cluster_LynxID2025_05
2501,cluster_LynxID2025_62
2511,cluster_LynxID2025_74
2512,cluster_LynxID2025_49
2518,cluster_LynxID2025_43
2525,cluster_LynxID2025_62
2527,cluster_LynxID2025_62
2529,cluster_LynxID2025_43
2530,cluster_LynxID2025_25
2534,cluster_LynxID2025_62
2544,cluster_LynxID2025_05
2545,cluster_LynxID2025_16
2546,cluster_LynxID2025_05
2549,cluster_LynxID2025_49
2552,cluster_LynxID2025_49
2554,cluster_LynxID2025_62
2555,cluster_LynxID2025_49
2562,cluster_LynxID2025_62
2564,cluster_LynxID2025_74
2580,cluster_LynxID2025_32
2591,cluster_LynxID2025_03
2592,cluster_LynxID2025_62
2601,cluster_LynxID2025_62
2606,cluster_LynxID2025_49
2613,cluster_LynxID2025_05
2625,cluster_LynxID2025_62
2626,cluster_LynxID2025_62
2631,cluster_LynxID2025_25
2638,cluster_LynxID2025_62
2643,cluster_LynxID2025_32
2644,cluster_LynxID2025_05
2648,cluster_LynxID2025_74
2654,cluster_LynxID2025_62
2655,cluster_LynxID2025_05
2657,cluster_LynxID2025_60
2687,cluster_LynxID2025_62
2689,cluster_LynxID2025_03
2705,cluster_LynxID2025_49
2706,cluster_LynxID2025_62
2709,cluster_LynxID2025_05
2713,cluster_LynxID2025_05
2718,cluster_LynxID2025_62
2721,cluster_LynxID2025_32
2724,cluster_LynxID2025_49
2725,cluster_LynxID2025_25
2726,cluster_LynxID2025_05
2731,cluster_LynxID2025_43
2733,cluster_LynxID2025_49
2734,cluster_LynxID2025_62
2744,cluster_LynxID2025_62
2754,cluster_LynxID2025_49
2758,cluster_LynxID2025_32
2759,cluster_LynxID2025_32
2760,cluster_LynxID2025_05
2770,cluster_LynxID2025_49
2787,cluster_LynxID2025_45
2789,cluster_LynxID2025_49
2790,cluster_LynxID2025_05
2794,cluster_LynxID2025_03
2797,cluster_LynxID2025_43
2801,cluster_LynxID2025_32
2803,cluster_LynxID2025_25
2807,cluster_LynxID2025_49
2811,cluster_LynxID2025_49
2812,cluster_LynxID2025_74
2823,cluster_LynxID2025_49
2829,cluster_LynxID2025_25
2831,cluster_LynxID2025_05
2834,cluster_LynxID2025_75
2840,cluster_LynxID2025_49
2841,cluster_LynxID2025_62
2844,cluster_LynxID2025_62
2845,cluster_LynxID2025_62
2846,cluster_LynxID2025_62
2847,cluster_LynxID2025_49
2848,cluster_LynxID2025_43
2851,cluster_LynxID2025_74
2865,cluster_LynxID2025_62
2871,cluster_LynxID2025_46
2873,cluster_LynxID2025_62
2876,cluster_LynxID2025_43
2889,cluster_LynxID2025_74
2893,cluster_LynxID2025_49
2894,cluster_LynxID2025_05
2896,cluster_LynxID2025_05
2914,cluster_LynxID2025_32
2920,cluster_LynxID2025_62
2921,cluster_LynxID2025_25
2933,cluster_LynxID2025_49
2934,cluster_LynxID2025_62
2942,cluster_LynxID2025_62
2948,cluster_LynxID2025_49
2949,cluster_LynxID2025_05
2951,cluster_LynxID2025_49
2952,cluster_LynxID2025_74
2957,cluster_LynxID2025_05
2961,cluster_LynxID2025_05
2963,cluster_LynxID2025_62
2968,cluster_LynxID2025_45
2973,cluster_LynxID2025_46
2976,cluster_LynxID2025_49
2978,cluster_LynxID2025_49
2981,cluster_LynxID2025_62
2985,cluster_LynxID2025_49
2999,cluster_LynxID2025_49
3001,cluster_LynxID2025_05
3003,cluster_LynxID2025_74
3007,cluster_LynxID2025_05
3013,cluster_LynxID2025_62
3014,cluster_LynxID2025_05
3018,cluster_LynxID2025_62
3020,cluster_LynxID2025_49
3021,cluster_LynxID2025_46
3027,cluster_LynxID2025_62
3029,cluster_LynxID2025_32
3032,cluster_LynxID2025_49
3034,cluster_LynxID2025_62
3035,cluster_LynxID2025_05
3036,cluster_LynxID2025_46
3037,cluster_LynxID2025_49
3038,cluster_LynxID2025_43
3045,cluster_LynxID2025_49
3046,cluster_LynxID2025_45
3055,cluster_LynxID2025_05
3059,cluster_LynxID2025_49
3069,cluster_LynxID2025_62
3074,cluster_LynxID2025_32
3086,cluster_LynxID2025_62
3090,cluster_LynxID2025_74
3091,cluster_LynxID2025_49
3097,cluster_LynxID2025_05
3099,cluster_LynxID2025_49
3106,cluster_LynxID2025_45
3108,cluster_LynxID2025_49
3111,cluster_LynxID2025_05
3116,cluster_LynxID2025_05
3118,cluster_LynxID2025_32
3130,cluster_LynxID2025_62
3133,cluster_LynxID2025_45
3138,cluster_LynxID2025_05
3142,cluster_LynxID2025_49
3144,cluster_LynxID2025_25
3153,cluster_LynxID2025_62
3155,cluster_LynxID2025_49
3156,cluster_LynxID2025_43
3157,cluster_LynxID2025_43
3167,cluster_LynxID2025_62
3177,cluster_LynxID2025_49
3178,cluster_LynxID2025_62
3181,cluster_LynxID2025_03
3183,cluster_LynxID2025_62
3193,cluster_LynxID2025_45
3201,cluster_LynxID2025_43
3204,cluster_LynxID2025_62
3205,cluster_LynxID2025_32
3215,cluster_LynxID2025_62
3217,cluster_LynxID2025_62
3220,cluster_LynxID2025_25
3221,cluster_LynxID2025_05
3222,cluster_LynxID2025_74
3231,cluster_LynxID2025_49
3232,cluster_LynxID2025_46
3239,cluster_LynxID2025_05
3242,cluster_LynxID2025_46
3245,cluster_LynxID2025_62
3249,cluster_LynxID2025_49
3256,cluster_LynxID2025_05
3259,cluster_LynxID2025_43
3261,cluster_LynxID2025_74
3263,cluster_LynxID2025_49
3267,cluster_LynxID2025_62
3270,cluster_LynxID2025_32
3274,cluster_LynxID2025_62
3277,cluster_LynxID2025_49
3281,cluster_LynxID2025_62
3284,cluster_LynxID2025_43
3286,cluster_LynxID2025_05
3287,cluster_LynxID2025_49
3297,cluster_LynxID2025_05
3305,cluster_LynxID2025_05
3310,cluster_LynxID2025_25
3314,cluster_LynxID2025_62
3323,cluster_LynxID2025_49
3331,cluster_LynxID2025_49
3335,cluster_LynxID2025_25
3338,cluster_LynxID2025_62
3339,cluster_LynxID2025_05
3344,cluster_LynxID2025_62
3348,cluster_LynxID2025_74
3352,cluster_LynxID2025_28
3353,cluster_LynxID2025_49
3356,cluster_LynxID2025_60
3357,cluster_LynxID2025_32
3358,cluster_LynxID2025_03
3366,cluster_LynxID2025_62
3372,cluster_LynxID2025_45
3380,cluster_LynxID2025_41
3382,cluster_LynxID2025_49
3386,cluster_LynxID2025_62
3389,cluster_LynxID2025_49
3390,cluster_LynxID2025_74
3400,cluster_LynxID2025_05
3401,cluster_LynxID2025_05
3409,cluster_LynxID2025_62
3412,cluster_LynxID2025_45
3416,cluster_LynxID2025_49
3418,cluster_LynxID2025_05
3420,cluster_LynxID2025_62
3424,cluster_LynxID2025_49
3427,cluster_LynxID2025_62
3429,cluster_LynxID2025_49
3434,cluster_LynxID2025_62
3435,cluster_LynxID2025_49
3436,cluster_LynxID2025_41
3437,cluster_LynxID2025_62
3439,cluster_LynxID2025_45
3441,cluster_LynxID2025_43
3446,cluster_LynxID2025_74
3449,cluster_LynxID2025_74
3450,cluster_LynxID2025_49
3452,cluster_LynxID2025_49
3469,cluster_LynxID2025_05
3474,cluster_LynxID2025_32
3477,cluster_LynxID2025_43
3480,cluster_LynxID2025_62
3481,cluster_LynxID2025_25
3484,cluster_LynxID2025_49
3487,cluster_LynxID2025_49
3490,cluster_LynxID2025_62
3494,cluster_LynxID2025_49
3497,cluster_LynxID2025_62
3500,cluster_LynxID2025_49
3501,cluster_LynxID2025_05
3502,cluster_LynxID2025_62
3508,cluster_LynxID2025_49
3511,cluster_LynxID2025_28
3513,cluster_LynxID2025_32
3521,cluster_LynxID2025_62
3524,cluster_LynxID2025_46
3526,cluster_LynxID2025_62
3529,cluster_LynxID2025_74
3530,cluster_LynxID2025_62
3539,cluster_LynxID2025_32
3540,cluster_LynxID2025_62
3542,cluster_LynxID2025_25
3545,cluster_LynxID2025_62
3548,cluster_LynxID2025_74
3550,cluster_LynxID2025_16
3565,cluster_LynxID2025_62
3566,cluster_LynxID2025_05
3568,cluster_LynxID2025_05
3570,cluster_LynxID2025_74
3574,cluster_LynxID2025_49
3582,cluster_LynxID2025_74
3585,cluster_LynxID2025_25
3595,cluster_LynxID2025_49
3597,cluster_LynxID2025_62
3605,cluster_LynxID2025_62
3626,cluster_LynxID2025_62
3633,cluster_LynxID2025_62
3638,cluster_LynxID2025_49
3643,cluster_LynxID2025_45
3645,cluster_LynxID2025_49
3648,cluster_LynxID2025_05
3654,cluster_LynxID2025_43
3655,cluster_LynxID2025_62
3657,cluster_LynxID2025_62
3660,cluster_LynxID2025_32
3666,cluster_LynxID2025_32
3670,cluster_LynxID2025_62
3672,cluster_LynxID2025_49
3675,cluster_LynxID2025_05
3676,cluster_LynxID2025_62
3677,cluster_LynxID2025_49
3682,cluster_LynxID2025_49
3690,cluster_LynxID2025_49
3691,cluster_LynxID2025_49
3692,cluster_LynxID2025_60
3696,cluster_LynxID2025_49
3698,cluster_LynxID2025_49
3706,cluster_LynxID2025_49
3725,cluster_LynxID2025_03
3727,cluster_LynxID2025_62
3729,cluster_LynxID2025_43
3739,cluster_LynxID2025_49
3749,cluster_LynxID2025_46
3750,cluster_LynxID2025_43
3762,cluster_LynxID2025_56
3763,cluster_LynxID2025_05
3766,cluster_LynxID2025_62
3768,cluster_LynxID2025_05
3793,cluster_LynxID2025_45
3794,cluster_LynxID2025_45
3808,cluster_LynxID2025_62
3822,cluster_LynxID2025_49
3823,cluster_LynxID2025_62
3836,cluster_LynxID2025_05
3837,cluster_LynxID2025_42
3849,cluster_LynxID2025_49
3861,cluster_LynxID2025_05
3862,cluster_LynxID2025_49
3866,cluster_LynxID2025_05
3867,cluster_LynxID2025_62
3874,cluster_LynxID2025_45
3876,cluster_LynxID2025_62
3887,cluster_LynxID2025_25
3897,cluster_LynxID2025_62
3900,cluster_LynxID2025_62
3902,cluster_LynxID2025_49
5291,cluster_SalamanderID2025_10
5292,cluster_SalamanderID2025_93
5293,cluster_SalamanderID2025_131
5294,cluster_SalamanderID2025_93
5295,cluster_SalamanderID2025_12
5296,cluster_SalamanderID2025_12
5297,cluster_SalamanderID2025_73
5298,cluster_SalamanderID2025_12
5299,cluster_SalamanderID2025_131
5300,cluster_SalamanderID2025_131
5301,cluster_SalamanderID2025_12
5302,cluster_SalamanderID2025_12
5303,cluster_SalamanderID2025_5
5304,cluster_SalamanderID2025_5
5305,cluster_SalamanderID2025_5
5306,cluster_SalamanderID2025_7
5307,cluster_SalamanderID2025_7
5308,cluster_SalamanderID2025_93
5309,cluster_SalamanderID2025_0
5310,cluster_SalamanderID2025_12
5311,cluster_SalamanderID2025_5
5312,cluster_SalamanderID2025_0
5313,cluster_SalamanderID2025_5
5314,cluster_SalamanderID2025_12
5315,cluster_SalamanderID2025_5
5316,cluster_SalamanderID2025_131
5317,cluster_SalamanderID2025_12
5318,cluster_SalamanderID2025_12
5319,cluster_SalamanderID2025_131
5320,cluster_SalamanderID2025_90
5321,cluster_SalamanderID2025_68
5322,cluster_SalamanderID2025_12
5323,cluster_SalamanderID2025_10
5324,cluster_SalamanderID2025_12
5325,cluster_SalamanderID2025_0
5326,cluster_SalamanderID2025_12
5327,cluster_SalamanderID2025_12
5328,cluster_SalamanderID2025_12
5329,cluster_SalamanderID2025_12
5330,cluster_SalamanderID2025_68
5331,cluster_SalamanderID2025_131
5332,cluster_SalamanderID2025_12
5333,cluster_SalamanderID2025_131
5334,cluster_SalamanderID2025_131
5335,cluster_SalamanderID2025_96
5336,cluster_SalamanderID2025_131
5337,cluster_SalamanderID2025_34
5338,cluster_SalamanderID2025_34
5339,cluster_SalamanderID2025_342
5340,cluster_SalamanderID2025_34
5341,cluster_SalamanderID2025_12
5342,cluster_SalamanderID2025_0
5343,cluster_SalamanderID2025_34
5344,cluster_SalamanderID2025_131
5345,cluster_SalamanderID2025_337
5346,cluster_SalamanderID2025_34
5347,cluster_SalamanderID2025_342
5348,cluster_SalamanderID2025_0
5349,cluster_SalamanderID2025_10
5350,cluster_SalamanderID2025_337
5351,cluster_SalamanderID2025_131
5352,cluster_SalamanderID2025_93
5353,cluster_SalamanderID2025_12
5354,cluster_SalamanderID2025_40
5355,cluster_SalamanderID2025_12
5356,cluster_SalamanderID2025_342
5357,cluster_SalamanderID2025_10
5358,cluster_SalamanderID2025_131
5359,cluster_SalamanderID2025_294
5360,cluster_SalamanderID2025_337
5361,cluster_SalamanderID2025_12
5362,cluster_SalamanderID2025_5
5363,cluster_SalamanderID2025_0
5364,cluster_SalamanderID2025_5
5365,cluster_SalamanderID2025_342
5366,cluster_SalamanderID2025_93
5367,cluster_SalamanderID2025_12
5368,cluster_SalamanderID2025_68
5369,cluster_SalamanderID2025_10
5370,cluster_SalamanderID2025_12
5371,cluster_SalamanderID2025_131
5372,cluster_SalamanderID2025_342
5373,cluster_SalamanderID2025_12
5374,cluster_SalamanderID2025_12
5375,cluster_SalamanderID2025_337
5376,cluster_SalamanderID2025_342
5377,cluster_SalamanderID2025_337
5378,cluster_SalamanderID2025_12
5379,cluster_SalamanderID2025_12
5380,cluster_SalamanderID2025_342
5381,cluster_SalamanderID2025_12
5382,cluster_SalamanderID2025_294
5383,cluster_SalamanderID2025_12
5384,cluster_SalamanderID2025_93
5385,cluster_SalamanderID2025_342
5386,cluster_SalamanderID2025_12
5387,cluster_SalamanderID2025_131
5388,cluster_SalamanderID2025_131
5389,cluster_SalamanderID2025_12
5390,cluster_SalamanderID2025_12
5391,cluster_SalamanderID2025_131
5392,cluster_SalamanderID2025_131
5393,cluster_SalamanderID2025_12
5394,cluster_SalamanderID2025_342
5395,cluster_SalamanderID2025_337
5396,cluster_SalamanderID2025_0
5397,cluster_SalamanderID2025_342
5398,cluster_SalamanderID2025_12
5399,cluster_SalamanderID2025_93
5400,cluster_SalamanderID2025_12
5401,cluster_SalamanderID2025_0
5402,cluster_SalamanderID2025_12
5403,cluster_SalamanderID2025_342
5404,cluster_SalamanderID2025_131
5405,cluster_SalamanderID2025_12
5406,cluster_SalamanderID2025_337
5407,cluster_SalamanderID2025_32
5408,cluster_SalamanderID2025_0
5409,cluster_SalamanderID2025_93
5410,cluster_SalamanderID2025_0
5411,cluster_SalamanderID2025_12
5412,cluster_SalamanderID2025_12
5413,cluster_SalamanderID2025_0
5414,cluster_SalamanderID2025_0
5415,cluster_SalamanderID2025_75
5416,cluster_SalamanderID2025_12
5417,cluster_SalamanderID2025_342
5418,cluster_SalamanderID2025_10
5419,cluster_SalamanderID2025_12
5420,cluster_SalamanderID2025_12
5421,cluster_SalamanderID2025_10
5422,cluster_SalamanderID2025_12
5423,cluster_SalamanderID2025_12
5424,cluster_SalamanderID2025_12
5425,cluster_SalamanderID2025_10
5426,cluster_SalamanderID2025_131
5427,cluster_SalamanderID2025_131
5428,cluster_SalamanderID2025_342
5429,cluster_SalamanderID2025_12
5430,cluster_SalamanderID2025_12
5431,cluster_SalamanderID2025_0
5432,cluster_SalamanderID2025_10
5433,cluster_SalamanderID2025_93
5434,cluster_SalamanderID2025_93
5435,cluster_SalamanderID2025_131
5436,cluster_SalamanderID2025_68
5437,cluster_SalamanderID2025_152
5438,cluster_SalamanderID2025_0
5439,cluster_SalamanderID2025_93
5440,cluster_SalamanderID2025_0
5441,cluster_SalamanderID2025_308
5442,cluster_SalamanderID2025_12
5443,cluster_SalamanderID2025_10
5444,cluster_SalamanderID2025_32
5445,cluster_SalamanderID2025_0
5446,cluster_SalamanderID2025_93
5447,cluster_SalamanderID2025_131
5448,cluster_SalamanderID2025_68
5449,cluster_SalamanderID2025_0
5450,cluster_SalamanderID2025_0
5451,cluster_SalamanderID2025_0
5452,cluster_SalamanderID2025_10
5453,cluster_SalamanderID2025_99
5454,cluster_SalamanderID2025_12
5455,cluster_SalamanderID2025_337
5456,cluster_SalamanderID2025_10
5457,cluster_SalamanderID2025_294
5458,cluster_SalamanderID2025_93
5459,cluster_SalamanderID2025_342
5460,cluster_SalamanderID2025_342
5461,cluster_SalamanderID2025_0
5462,cluster_SalamanderID2025_0
5463,cluster_SalamanderID2025_131
5464,cluster_SalamanderID2025_12
5465,cluster_SalamanderID2025_12
5466,cluster_SalamanderID2025_0
5467,cluster_SalamanderID2025_342
5468,cluster_SalamanderID2025_342
5469,cluster_SalamanderID2025_0
5470,cluster_SalamanderID2025_93
5471,cluster_SalamanderID2025_131
5472,cluster_SalamanderID2025_131
5473,cluster_SalamanderID2025_0
5474,cluster_SalamanderID2025_90
5475,cluster_SalamanderID2025_337
5476,cluster_SalamanderID2025_130
5477,cluster_SalamanderID2025_32
5478,cluster_SalamanderID2025_0
5479,cluster_SalamanderID2025_68
5480,cluster_SalamanderID2025_0
5481,cluster_SalamanderID2025_131
5482,cluster_SalamanderID2025_93
5483,cluster_SalamanderID2025_93
5484,cluster_SalamanderID2025_131
5485,cluster_SalamanderID2025_131
5486,cluster_SalamanderID2025_131
5487,cluster_SalamanderID2025_131
5488,cluster_SalamanderID2025_12
5489,cluster_SalamanderID2025_171
5490,cluster_SalamanderID2025_12
5491,cluster_SalamanderID2025_12
5492,cluster_SalamanderID2025_68
5493,cluster_SalamanderID2025_308
5494,cluster_SalamanderID2025_93
5495,cluster_SalamanderID2025_90
5496,cluster_SalamanderID2025_131
5497,cluster_SalamanderID2025_93
5498,cluster_SalamanderID2025_10
5499,cluster_SalamanderID2025_337
5500,cluster_SalamanderID2025_10
5501,cluster_SalamanderID2025_10
5502,cluster_SalamanderID2025_131
5503,cluster_SalamanderID2025_12
5504,cluster_SalamanderID2025_93
5505,cluster_SalamanderID2025_0
5506,cluster_SalamanderID2025_12
5507,cluster_SalamanderID2025_93
5508,cluster_SalamanderID2025_0
5509,cluster_SalamanderID2025_12
5510,cluster_SalamanderID2025_164
5511,cluster_SalamanderID2025_0
5512,cluster_SalamanderID2025_12
5513,cluster_SalamanderID2025_12
5514,cluster_SalamanderID2025_308
5515,cluster_SalamanderID2025_337
5516,cluster_SalamanderID2025_294
5517,cluster_SalamanderID2025_90
5518,cluster_SalamanderID2025_12
5519,cluster_SalamanderID2025_12
5520,cluster_SalamanderID2025_171
5521,cluster_SalamanderID2025_342
5522,cluster_SalamanderID2025_12
5523,cluster_SalamanderID2025_10
5524,cluster_SalamanderID2025_10
5525,cluster_SalamanderID2025_12
5526,cluster_SalamanderID2025_342
5527,cluster_SalamanderID2025_0
5528,cluster_SalamanderID2025_12
5529,cluster_SalamanderID2025_294
5530,cluster_SalamanderID2025_0
5531,cluster_SalamanderID2025_342
5532,cluster_SalamanderID2025_308
5533,cluster_SalamanderID2025_131
5534,cluster_SalamanderID2025_10
5535,cluster_SalamanderID2025_0
5536,cluster_SalamanderID2025_10
5537,cluster_SalamanderID2025_12
5538,cluster_SalamanderID2025_0
5539,cluster_SalamanderID2025_0
5540,cluster_SalamanderID2025_0
5541,cluster_SalamanderID2025_12
5542,cluster_SalamanderID2025_10
5543,cluster_SalamanderID2025_10
5544,cluster_SalamanderID2025_131
5545,cluster_SalamanderID2025_0
5546,cluster_SalamanderID2025_10
5547,cluster_SalamanderID2025_0
5548,cluster_SalamanderID2025_131
5549,cluster_SalamanderID2025_0
5550,cluster_SalamanderID2025_93
5551,cluster_SalamanderID2025_68
5552,cluster_SalamanderID2025_90
5553,cluster_SalamanderID2025_337
5554,cluster_SalamanderID2025_12
5555,cluster_SalamanderID2025_131
5556,cluster_SalamanderID2025_0
5557,cluster_SalamanderID2025_93
5558,cluster_SalamanderID2025_12
5559,cluster_SalamanderID2025_0
5560,cluster_SalamanderID2025_93
5561,cluster_SalamanderID2025_10
5562,cluster_SalamanderID2025_32
5563,cluster_SalamanderID2025_337
5564,cluster_SalamanderID2025_337
5565,cluster_SalamanderID2025_32
5566,cluster_SalamanderID2025_32
5567,cluster_SalamanderID2025_32
5568,cluster_SalamanderID2025_32
5569,cluster_SalamanderID2025_32
5570,cluster_SalamanderID2025_32
5571,cluster_SalamanderID2025_12
5572,cluster_SalamanderID2025_12
5573,cluster_SalamanderID2025_327
5574,cluster_SalamanderID2025_337
5575,cluster_SalamanderID2025_93
5576,cluster_SalamanderID2025_131
5577,cluster_SalamanderID2025_10
5578,cluster_SalamanderID2025_12
5579,cluster_SalamanderID2025_131
5580,cluster_SalamanderID2025_12
5581,cluster_SalamanderID2025_342
5582,cluster_SalamanderID2025_342
5583,cluster_SalamanderID2025_0
5584,cluster_SalamanderID2025_131
5585,cluster_SalamanderID2025_131
5586,cluster_SalamanderID2025_0
5587,cluster_SalamanderID2025_12
5588,cluster_SalamanderID2025_131
5589,cluster_SalamanderID2025_12
5590,cluster_SalamanderID2025_32
5591,cluster_SalamanderID2025_131
5592,cluster_SalamanderID2025_152
5593,cluster_SalamanderID2025_131
5594,cluster_SalamanderID2025_32
5595,cluster_SalamanderID2025_131
5596,cluster_SalamanderID2025_12
5597,cluster_SalamanderID2025_5
5598,cluster_SalamanderID2025_342
5599,cluster_SalamanderID2025_131
5600,cluster_SalamanderID2025_0
5601,cluster_SalamanderID2025_131
5602,cluster_SalamanderID2025_131
5603,cluster_SalamanderID2025_131
5604,cluster_SalamanderID2025_68
5605,cluster_SalamanderID2025_68
5606,cluster_SalamanderID2025_93
5607,cluster_SalamanderID2025_93
5608,cluster_SalamanderID2025_0
5609,cluster_SalamanderID2025_342
5610,cluster_SalamanderID2025_90
5611,cluster_SalamanderID2025_342
5612,cluster_SalamanderID2025_12
5613,cluster_SalamanderID2025_391
5614,cluster_SalamanderID2025_342
5615,cluster_SalamanderID2025_12
5616,cluster_SalamanderID2025_99
5617,cluster_SalamanderID2025_308
5618,cluster_SalamanderID2025_12
5619,cluster_SalamanderID2025_131
5620,cluster_SalamanderID2025_131
5621,cluster_SalamanderID2025_12
5622,cluster_SalamanderID2025_0
5623,cluster_SalamanderID2025_131
5624,cluster_SalamanderID2025_93
5625,cluster_SalamanderID2025_0
5626,cluster_SalamanderID2025_0
5627,cluster_SalamanderID2025_68
5628,cluster_SalamanderID2025_308
5629,cluster_SalamanderID2025_0
5630,cluster_SalamanderID2025_131
5631,cluster_SalamanderID2025_12
5632,cluster_SalamanderID2025_10
5633,cluster_SalamanderID2025_90
5634,cluster_SalamanderID2025_93
5635,cluster_SalamanderID2025_0
5636,cluster_SalamanderID2025_0
5637,cluster_SalamanderID2025_68
5638,cluster_SalamanderID2025_99
5639,cluster_SalamanderID2025_32
5640,cluster_SalamanderID2025_342
5641,cluster_SalamanderID2025_131
5642,cluster_SalamanderID2025_99
5643,cluster_SalamanderID2025_337
5644,cluster_SalamanderID2025_308
5645,cluster_SalamanderID2025_131
5646,cluster_SalamanderID2025_131
5647,cluster_SalamanderID2025_308
5648,cluster_SalamanderID2025_342
5649,cluster_SalamanderID2025_12
5650,cluster_SalamanderID2025_289
5651,cluster_SalamanderID2025_0
5652,cluster_SalamanderID2025_131
5653,cluster_SalamanderID2025_294
5654,cluster_SalamanderID2025_337
5655,cluster_SalamanderID2025_342
5656,cluster_SalamanderID2025_12
5657,cluster_SalamanderID2025_131
5658,cluster_SalamanderID2025_342
5659,cluster_SalamanderID2025_12
5660,cluster_SalamanderID2025_289
5661,cluster_SalamanderID2025_342
5662,cluster_SalamanderID2025_337
5663,cluster_SalamanderID2025_10
5664,cluster_SalamanderID2025_131
5665,cluster_SalamanderID2025_342
5666,cluster_SalamanderID2025_131
5667,cluster_SalamanderID2025_93
5668,cluster_SalamanderID2025_131
5669,cluster_SalamanderID2025_10
5670,cluster_SalamanderID2025_68
5671,cluster_SalamanderID2025_12
5672,cluster_SalamanderID2025_342
5673,cluster_SalamanderID2025_342
5674,cluster_SalamanderID2025_131
5675,cluster_SalamanderID2025_294
5676,cluster_SalamanderID2025_342
5677,cluster_SalamanderID2025_131
5678,cluster_SalamanderID2025_0
5679,cluster_SalamanderID2025_131
5680,cluster_SalamanderID2025_93
5681,cluster_SalamanderID2025_10
5682,cluster_SalamanderID2025_152
5683,cluster_SalamanderID2025_0
5684,cluster_SalamanderID2025_308
5685,cluster_SalamanderID2025_0
5686,cluster_SalamanderID2025_0
5687,cluster_SalamanderID2025_12
5688,cluster_SalamanderID2025_337
5689,cluster_SalamanderID2025_93
5690,cluster_SalamanderID2025_0
5691,cluster_SalamanderID2025_0
5692,cluster_SalamanderID2025_0
5693,cluster_SeaTurtleID2022_221
5694,cluster_SalamanderID2025_131
5695,cluster_SalamanderID2025_131
5696,cluster_SalamanderID2025_131
5697,cluster_SalamanderID2025_10
5698,cluster_SalamanderID2025_32
5699,cluster_SalamanderID2025_0
5700,cluster_SalamanderID2025_0
5701,cluster_SalamanderID2025_0
5702,cluster_SalamanderID2025_342
5703,cluster_SalamanderID2025_337
5704,cluster_SalamanderID2025_342
5705,cluster_SalamanderID2025_93
5706,cluster_SalamanderID2025_93
5707,cluster_SalamanderID2025_93
5708,cluster_SalamanderID2025_0
5709,cluster_SalamanderID2025_294
5710,cluster_SalamanderID2025_93
5711,cluster_SalamanderID2025_99
5712,cluster_SalamanderID2025_337
5713,cluster_SalamanderID2025_121
5714,cluster_SalamanderID2025_308
5715,cluster_SalamanderID2025_308
5716,cluster_SalamanderID2025_342
5717,cluster_SalamanderID2025_68
5718,cluster_SalamanderID2025_99
5719,cluster_SalamanderID2025_93
5720,cluster_SalamanderID2025_68
5721,cluster_SalamanderID2025_68
5722,cluster_SalamanderID2025_93
5723,cluster_SalamanderID2025_90
5724,cluster_SalamanderID2025_0
5725,cluster_SalamanderID2025_131
5726,cluster_SalamanderID2025_342
5727,cluster_SalamanderID2025_0
5728,cluster_SalamanderID2025_342
5729,cluster_SalamanderID2025_337
5730,cluster_SalamanderID2025_0
5731,cluster_SalamanderID2025_131
5732,cluster_SalamanderID2025_337
5733,cluster_SalamanderID2025_12
5734,cluster_SalamanderID2025_342
5735,cluster_SalamanderID2025_131
5736,cluster_SalamanderID2025_32
5737,cluster_SalamanderID2025_342
5738,cluster_SalamanderID2025_68
5739,cluster_SalamanderID2025_68
5740,cluster_SalamanderID2025_131
5741,cluster_SalamanderID2025_391
5742,cluster_SalamanderID2025_131
5743,cluster_SalamanderID2025_90
5744,cluster_SalamanderID2025_337
5745,cluster_SalamanderID2025_342
5746,cluster_SalamanderID2025_93
5747,cluster_SalamanderID2025_342
5748,cluster_SalamanderID2025_131
5749,cluster_SalamanderID2025_68
5750,cluster_SalamanderID2025_93
5751,cluster_SalamanderID2025_68
5752,cluster_SalamanderID2025_131
5753,cluster_SalamanderID2025_0
5754,cluster_SalamanderID2025_131
5755,cluster_SalamanderID2025_0
5756,cluster_SalamanderID2025_342
5757,cluster_SalamanderID2025_93
5758,cluster_SalamanderID2025_152
5759,cluster_SalamanderID2025_0
5760,cluster_SalamanderID2025_337
5761,cluster_SalamanderID2025_131
5762,cluster_SalamanderID2025_131
5763,cluster_SalamanderID2025_391
5764,cluster_SalamanderID2025_32
5765,cluster_SalamanderID2025_131
5766,cluster_SalamanderID2025_342
5767,cluster_SalamanderID2025_32
5768,cluster_SalamanderID2025_12
5769,cluster_SalamanderID2025_12
5770,cluster_SalamanderID2025_152
5771,cluster_SalamanderID2025_342
5772,cluster_SalamanderID2025_10
5773,cluster_SalamanderID2025_68
5774,cluster_SalamanderID2025_10
5775,cluster_SalamanderID2025_131
5776,cluster_SalamanderID2025_10
5777,cluster_SalamanderID2025_337
5778,cluster_SalamanderID2025_0
5779,cluster_SalamanderID2025_12
5780,cluster_SalamanderID2025_342
5781,cluster_SalamanderID2025_152
5782,cluster_SalamanderID2025_131
5783,cluster_SalamanderID2025_0
5784,cluster_SalamanderID2025_131
5785,cluster_SalamanderID2025_131
5786,cluster_SalamanderID2025_0
5787,cluster_SalamanderID2025_342
5788,cluster_SalamanderID2025_337
5789,cluster_SalamanderID2025_337
5790,cluster_SalamanderID2025_337
5791,cluster_SalamanderID2025_12
5792,cluster_SalamanderID2025_90
5793,cluster_SalamanderID2025_342
5794,cluster_SalamanderID2025_131
5795,cluster_SalamanderID2025_90
5796,cluster_SalamanderID2025_32
5797,cluster_SalamanderID2025_0
5798,cluster_SalamanderID2025_93
5799,cluster_SalamanderID2025_391
5800,cluster_SalamanderID2025_337
5801,cluster_SalamanderID2025_342
5802,cluster_SalamanderID2025_337
5803,cluster_SalamanderID2025_90
5804,cluster_SalamanderID2025_0
5805,cluster_SalamanderID2025_342
5806,cluster_SalamanderID2025_131
5807,cluster_SalamanderID2025_131
5808,cluster_SalamanderID2025_337
5809,cluster_SalamanderID2025_32
5810,cluster_SalamanderID2025_308
5811,cluster_SalamanderID2025_337
5812,cluster_SalamanderID2025_0
5813,cluster_SalamanderID2025_337
5814,cluster_SalamanderID2025_152
5815,cluster_SalamanderID2025_32
5816,cluster_SalamanderID2025_337
5817,cluster_SalamanderID2025_32
5818,cluster_SalamanderID2025_342
5819,cluster_SalamanderID2025_12
5820,cluster_SalamanderID2025_0
5821,cluster_SalamanderID2025_68
5822,cluster_SalamanderID2025_0
5823,cluster_SalamanderID2025_12
5824,cluster_SalamanderID2025_0
5825,cluster_SalamanderID2025_308
5826,cluster_SalamanderID2025_0
5827,cluster_SalamanderID2025_32
5828,cluster_SalamanderID2025_0
5829,cluster_SalamanderID2025_68
5830,cluster_SalamanderID2025_391
5831,cluster_SalamanderID2025_68
5832,cluster_SalamanderID2025_0
5833,cluster_SalamanderID2025_32
5834,cluster_SalamanderID2025_0
5835,cluster_SalamanderID2025_514
5836,cluster_SalamanderID2025_32
5837,cluster_SalamanderID2025_514
5838,cluster_SalamanderID2025_337
5839,cluster_SalamanderID2025_342
5840,cluster_SalamanderID2025_0
5841,cluster_SalamanderID2025_93
5842,cluster_SalamanderID2025_32
5843,cluster_SalamanderID2025_342
5844,cluster_SalamanderID2025_93
5845,cluster_SalamanderID2025_32
5846,cluster_SalamanderID2025_10
5847,cluster_SalamanderID2025_0
5848,cluster_SalamanderID2025_32
5849,cluster_SalamanderID2025_0
5850,cluster_SalamanderID2025_131
5851,cluster_SalamanderID2025_10
5852,cluster_SalamanderID2025_131
5853,cluster_SalamanderID2025_131
5854,cluster_SalamanderID2025_308
5855,cluster_SalamanderID2025_32
5856,cluster_SalamanderID2025_131
5857,cluster_SalamanderID2025_342
5858,cluster_SalamanderID2025_342
5859,cluster_SalamanderID2025_32
5860,cluster_SalamanderID2025_131
5861,cluster_SalamanderID2025_0
5862,cluster_SalamanderID2025_10
5863,cluster_LynxID2025_62
5864,cluster_SalamanderID2025_342
5865,cluster_SalamanderID2025_90
5866,cluster_SalamanderID2025_131
5867,cluster_SalamanderID2025_342
5868,cluster_SalamanderID2025_308
5869,cluster_SalamanderID2025_0
5870,cluster_SalamanderID2025_337
5871,cluster_SalamanderID2025_0
5872,cluster_SalamanderID2025_10
5873,cluster_SalamanderID2025_342
5874,cluster_SalamanderID2025_12
5875,cluster_SalamanderID2025_342
5876,cluster_SalamanderID2025_308
5877,cluster_SalamanderID2025_0
5878,cluster_SalamanderID2025_131
5879,cluster_SalamanderID2025_93
5880,cluster_SalamanderID2025_0
5881,cluster_SalamanderID2025_337
5882,cluster_SalamanderID2025_342
5883,cluster_SalamanderID2025_12
5884,cluster_SalamanderID2025_0
5885,cluster_SalamanderID2025_131
5886,cluster_SalamanderID2025_131
5887,cluster_SalamanderID2025_294
5888,cluster_SalamanderID2025_68
5889,cluster_SalamanderID2025_0
5890,cluster_SalamanderID2025_32
5891,cluster_SalamanderID2025_32
5892,cluster_SalamanderID2025_12
5893,cluster_SalamanderID2025_68
5894,cluster_SalamanderID2025_68
5895,cluster_SalamanderID2025_32
5896,cluster_SalamanderID2025_0
5897,cluster_SalamanderID2025_32
5898,cluster_SalamanderID2025_337
5899,cluster_SalamanderID2025_32
5900,cluster_SalamanderID2025_68
5901,cluster_SalamanderID2025_68
5902,cluster_SalamanderID2025_32
5903,cluster_SalamanderID2025_12
5904,cluster_SalamanderID2025_436
5905,cluster_SalamanderID2025_294
5906,cluster_SalamanderID2025_32
5907,cluster_SalamanderID2025_514
5908,cluster_SalamanderID2025_32
5909,cluster_SalamanderID2025_294
5910,cluster_SalamanderID2025_10
5911,cluster_SalamanderID2025_68
5912,cluster_SalamanderID2025_0
5913,cluster_SalamanderID2025_10
5914,cluster_SalamanderID2025_68
5915,cluster_SalamanderID2025_68
5916,cluster_SalamanderID2025_0
5917,cluster_SalamanderID2025_32
5918,cluster_SalamanderID2025_337
5919,cluster_SalamanderID2025_32
5920,cluster_SalamanderID2025_337
5921,cluster_SalamanderID2025_32
5922,cluster_SalamanderID2025_68
5923,cluster_SalamanderID2025_131
5924,cluster_SalamanderID2025_337
5925,cluster_SalamanderID2025_514
5926,cluster_SalamanderID2025_342
5927,cluster_SalamanderID2025_131
5928,cluster_SalamanderID2025_391
5929,cluster_SalamanderID2025_68
5930,cluster_SalamanderID2025_32
5931,cluster_SalamanderID2025_68
5932,cluster_SalamanderID2025_342
5933,cluster_SalamanderID2025_32
5934,cluster_SalamanderID2025_32
5935,cluster_SalamanderID2025_32
5936,cluster_SalamanderID2025_32
5937,cluster_SalamanderID2025_32
5938,cluster_SalamanderID2025_0
5939,cluster_SalamanderID2025_0
5940,cluster_SalamanderID2025_32
5941,cluster_SalamanderID2025_0
5942,cluster_SalamanderID2025_0
5943,cluster_SalamanderID2025_93
5944,cluster_SalamanderID2025_514
5945,cluster_SalamanderID2025_90
5946,cluster_SalamanderID2025_131
5947,cluster_SalamanderID2025_131
5948,cluster_SalamanderID2025_93
5949,cluster_SalamanderID2025_93
5950,cluster_SalamanderID2025_32
5951,cluster_SalamanderID2025_131
5952,cluster_SalamanderID2025_32
5953,cluster_SalamanderID2025_32
5954,cluster_SalamanderID2025_93
5955,cluster_SalamanderID2025_342
5956,cluster_SalamanderID2025_131
5957,cluster_SalamanderID2025_32
5958,cluster_SalamanderID2025_0
5959,cluster_SalamanderID2025_32
5960,cluster_SalamanderID2025_0
5961,cluster_SalamanderID2025_32
5962,cluster_SalamanderID2025_0
5963,cluster_SalamanderID2025_0
5964,cluster_SalamanderID2025_514
5965,cluster_SalamanderID2025_436
5966,cluster_SalamanderID2025_32
5967,cluster_SalamanderID2025_342
5968,cluster_SalamanderID2025_342
5969,cluster_SalamanderID2025_0
5970,cluster_SalamanderID2025_337
5971,cluster_SalamanderID2025_342
5972,cluster_SalamanderID2025_32
5973,cluster_SalamanderID2025_514
5974,cluster_SalamanderID2025_68
5975,cluster_SalamanderID2025_0
5976,cluster_SalamanderID2025_93
5977,cluster_SeaTurtleID2022_323
5978,cluster_SalamanderID2025_342
5979,cluster_SalamanderID2025_0
14709,cluster_SeaTurtleID2022_0
14710,cluster_SeaTurtleID2022_158
14711,cluster_SeaTurtleID2022_033
14712,cluster_SeaTurtleID2022_022
14713,cluster_SeaTurtleID2022_243
14714,cluster_SeaTurtleID2022_591
14715,cluster_SeaTurtleID2022_421
14716,cluster_SeaTurtleID2022_125
14717,cluster_SeaTurtleID2022_243
14718,cluster_SeaTurtleID2022_137
14719,cluster_SeaTurtleID2022_407
14720,cluster_SeaTurtleID2022_226
14721,cluster_SeaTurtleID2022_298
14722,cluster_SeaTurtleID2022_421
14723,cluster_SeaTurtleID2022_421
14724,cluster_SeaTurtleID2022_230
14725,cluster_SeaTurtleID2022_0
14726,cluster_SeaTurtleID2022_0
14727,cluster_SeaTurtleID2022_038
14728,cluster_SeaTurtleID2022_585
14729,cluster_SeaTurtleID2022_0
14730,cluster_SeaTurtleID2022_0
14731,cluster_SeaTurtleID2022_061
14732,cluster_SeaTurtleID2022_038
14733,cluster_SeaTurtleID2022_497
14734,cluster_SeaTurtleID2022_0
14735,cluster_SeaTurtleID2022_003
14736,cluster_SeaTurtleID2022_204
14737,cluster_SeaTurtleID2022_235
14738,cluster_SeaTurtleID2022_234
14739,cluster_SeaTurtleID2022_119
14740,cluster_SeaTurtleID2022_234
14741,cluster_SeaTurtleID2022_0
14742,cluster_SeaTurtleID2022_230
14743,cluster_SeaTurtleID2022_421
14744,cluster_SeaTurtleID2022_471
14745,cluster_SeaTurtleID2022_305
14746,cluster_SeaTurtleID2022_137
14747,cluster_SeaTurtleID2022_062
14748,cluster_SeaTurtleID2022_101
14749,cluster_SeaTurtleID2022_033
14750,cluster_SeaTurtleID2022_023
14751,cluster_SeaTurtleID2022_257
14752,cluster_SeaTurtleID2022_243
14753,cluster_SeaTurtleID2022_471
14754,cluster_SeaTurtleID2022_497
14755,cluster_SeaTurtleID2022_023
14756,cluster_SeaTurtleID2022_497
14757,cluster_SeaTurtleID2022_321
14758,cluster_SeaTurtleID2022_283
14759,cluster_SeaTurtleID2022_421
14760,cluster_SeaTurtleID2022_257
14761,cluster_SeaTurtleID2022_295
14762,cluster_SeaTurtleID2022_322
14763,cluster_SeaTurtleID2022_033
14764,cluster_SeaTurtleID2022_427
14765,cluster_SeaTurtleID2022_073
14766,cluster_SeaTurtleID2022_0
14767,cluster_SeaTurtleID2022_137
14768,cluster_SeaTurtleID2022_110
14769,cluster_SeaTurtleID2022_407
14770,cluster_SeaTurtleID2022_094
14771,cluster_SeaTurtleID2022_003
14772,cluster_SeaTurtleID2022_468
14773,cluster_SeaTurtleID2022_473
14774,cluster_SeaTurtleID2022_029
14775,cluster_SeaTurtleID2022_231
14776,cluster_SeaTurtleID2022_589
14777,cluster_SeaTurtleID2022_235
14778,cluster_SeaTurtleID2022_522
14779,cluster_SeaTurtleID2022_423
14780,cluster_SeaTurtleID2022_0
14781,cluster_SeaTurtleID2022_003
14782,cluster_SeaTurtleID2022_0
14783,cluster_SeaTurtleID2022_352
14784,cluster_SeaTurtleID2022_017
14785,cluster_SeaTurtleID2022_014
14786,cluster_SeaTurtleID2022_246
14787,cluster_SeaTurtleID2022_007
14788,cluster_SeaTurtleID2022_175
14789,cluster_SeaTurtleID2022_352
14790,cluster_SeaTurtleID2022_023
14791,cluster_SeaTurtleID2022_232
14792,cluster_SeaTurtleID2022_238
14793,cluster_SeaTurtleID2022_257
14794,cluster_SeaTurtleID2022_171
14795,cluster_SeaTurtleID2022_271
14796,cluster_SeaTurtleID2022_423
14797,cluster_SeaTurtleID2022_421
14798,cluster_SeaTurtleID2022_474
14799,cluster_SeaTurtleID2022_199
14800,cluster_SeaTurtleID2022_412
14801,cluster_SeaTurtleID2022_0
14802,cluster_SeaTurtleID2022_0
14803,cluster_SeaTurtleID2022_093
14804,cluster_SeaTurtleID2022_591
14805,cluster_SeaTurtleID2022_094
14806,cluster_SeaTurtleID2022_522
14807,cluster_SeaTurtleID2022_439
14808,cluster_SeaTurtleID2022_396
14809,cluster_SeaTurtleID2022_003
14810,cluster_SeaTurtleID2022_094
14811,cluster_SeaTurtleID2022_497
14812,cluster_SeaTurtleID2022_231
14813,cluster_SeaTurtleID2022_0
14814,cluster_SeaTurtleID2022_158
14815,cluster_SeaTurtleID2022_093
14816,cluster_SeaTurtleID2022_003
14817,cluster_SeaTurtleID2022_094
14818,cluster_SeaTurtleID2022_497
14819,cluster_SeaTurtleID2022_316
14820,cluster_SeaTurtleID2022_038
14821,cluster_SeaTurtleID2022_073
14822,cluster_SeaTurtleID2022_094
14823,cluster_SeaTurtleID2022_0
14824,cluster_SeaTurtleID2022_234
14825,cluster_SeaTurtleID2022_199
14826,cluster_SeaTurtleID2022_033
14827,cluster_SeaTurtleID2022_528
14828,cluster_SeaTurtleID2022_090
14829,cluster_SeaTurtleID2022_003
14830,cluster_SeaTurtleID2022_0
14831,cluster_SeaTurtleID2022_232
14832,cluster_SeaTurtleID2022_0
14833,cluster_SeaTurtleID2022_0
14834,cluster_SeaTurtleID2022_174
14835,cluster_SeaTurtleID2022_240
14836,cluster_SeaTurtleID2022_427
14837,cluster_SeaTurtleID2022_175
14838,cluster_SeaTurtleID2022_589
14839,cluster_SeaTurtleID2022_0
14840,cluster_SeaTurtleID2022_243
14841,cluster_SeaTurtleID2022_023
14842,cluster_SeaTurtleID2022_396
14843,cluster_SeaTurtleID2022_003
14844,cluster_SeaTurtleID2022_0
14845,cluster_SeaTurtleID2022_421
14846,cluster_SeaTurtleID2022_591
14847,cluster_SeaTurtleID2022_158
14848,cluster_SeaTurtleID2022_439
14849,cluster_SeaTurtleID2022_015
14850,cluster_SeaTurtleID2022_474
14851,cluster_SeaTurtleID2022_052
14852,cluster_SeaTurtleID2022_470
14853,cluster_SeaTurtleID2022_470
14854,cluster_SeaTurtleID2022_221
14855,cluster_SeaTurtleID2022_023
14856,cluster_SeaTurtleID2022_1
14857,cluster_SeaTurtleID2022_231
14858,cluster_SeaTurtleID2022_589
14859,cluster_SeaTurtleID2022_175
14860,cluster_SeaTurtleID2022_003
14861,cluster_SeaTurtleID2022_171
14862,cluster_SeaTurtleID2022_052
14863,cluster_SeaTurtleID2022_0
14864,cluster_SeaTurtleID2022_119
14865,cluster_SeaTurtleID2022_125
14866,cluster_SeaTurtleID2022_094
14867,cluster_SeaTurtleID2022_473
14868,cluster_SeaTurtleID2022_423
14869,cluster_SeaTurtleID2022_019
14870,cluster_SeaTurtleID2022_412
14871,cluster_SeaTurtleID2022_467
14872,cluster_SeaTurtleID2022_423
14873,cluster_SeaTurtleID2022_007
14874,cluster_SeaTurtleID2022_204
14875,cluster_SeaTurtleID2022_0
14876,cluster_SeaTurtleID2022_235
14877,cluster_SeaTurtleID2022_0
14878,cluster_SeaTurtleID2022_093
14879,cluster_SeaTurtleID2022_0
14880,cluster_SeaTurtleID2022_003
14881,cluster_SeaTurtleID2022_243
14882,cluster_SeaTurtleID2022_0
14883,cluster_SeaTurtleID2022_175
14884,cluster_SeaTurtleID2022_094
14885,cluster_SeaTurtleID2022_473
14886,cluster_SeaTurtleID2022_0
14887,cluster_SeaTurtleID2022_0
14888,cluster_SeaTurtleID2022_497
14889,cluster_SeaTurtleID2022_158
14890,cluster_SeaTurtleID2022_090
14891,cluster_SeaTurtleID2022_423
14892,cluster_SeaTurtleID2022_094
14893,cluster_SeaTurtleID2022_052
14894,cluster_SeaTurtleID2022_0
14895,cluster_SeaTurtleID2022_101
14896,cluster_SeaTurtleID2022_492
14897,cluster_SeaTurtleID2022_038
14898,cluster_SeaTurtleID2022_0
14899,cluster_SeaTurtleID2022_467
14900,cluster_SeaTurtleID2022_380
14901,cluster_SeaTurtleID2022_396
14902,cluster_SeaTurtleID2022_407
14903,cluster_SeaTurtleID2022_316
14904,cluster_SeaTurtleID2022_298
14905,cluster_SeaTurtleID2022_174
14906,cluster_SeaTurtleID2022_094
14907,cluster_SeaTurtleID2022_421
14908,cluster_SeaTurtleID2022_158
14909,cluster_SeaTurtleID2022_497
14910,cluster_SeaTurtleID2022_243
14911,cluster_SeaTurtleID2022_287
14912,cluster_SeaTurtleID2022_421
14913,cluster_SeaTurtleID2022_490
14914,cluster_SeaTurtleID2022_003
14915,cluster_SeaTurtleID2022_243
14916,cluster_SeaTurtleID2022_497
14917,cluster_SeaTurtleID2022_029
14918,cluster_SeaTurtleID2022_298
14919,cluster_SeaTurtleID2022_357
14920,cluster_SeaTurtleID2022_0
14921,cluster_SeaTurtleID2022_234
14922,cluster_SeaTurtleID2022_0
14923,cluster_SeaTurtleID2022_399
14924,cluster_SeaTurtleID2022_412
14925,cluster_SeaTurtleID2022_038
14926,cluster_SeaTurtleID2022_298
14927,cluster_SeaTurtleID2022_0
14928,cluster_SeaTurtleID2022_471
14929,cluster_SeaTurtleID2022_0
14930,cluster_SeaTurtleID2022_174
14931,cluster_SeaTurtleID2022_385
14932,cluster_SeaTurtleID2022_199
14933,cluster_SeaTurtleID2022_470
14934,cluster_SeaTurtleID2022_0
14935,cluster_SeaTurtleID2022_125
14936,cluster_SeaTurtleID2022_566
14937,cluster_SeaTurtleID2022_237
14938,cluster_SeaTurtleID2022_467
14939,cluster_SeaTurtleID2022_007
14940,cluster_SeaTurtleID2022_0
14941,cluster_SeaTurtleID2022_231
14942,cluster_SeaTurtleID2022_243
14943,cluster_SeaTurtleID2022_0
14944,cluster_SeaTurtleID2022_033
14945,cluster_SeaTurtleID2022_2
14946,cluster_SeaTurtleID2022_158
14947,cluster_SeaTurtleID2022_0
14948,cluster_SeaTurtleID2022_175
14949,cluster_SeaTurtleID2022_078
14950,cluster_SeaTurtleID2022_175
14951,cluster_SeaTurtleID2022_0
14952,cluster_SeaTurtleID2022_0
14953,cluster_SeaTurtleID2022_333
14954,cluster_SeaTurtleID2022_591
14955,cluster_SeaTurtleID2022_231
14956,cluster_SeaTurtleID2022_007
14957,cluster_SeaTurtleID2022_471
14958,cluster_SeaTurtleID2022_497
14959,cluster_SeaTurtleID2022_421
14960,cluster_SeaTurtleID2022_243
14961,cluster_SeaTurtleID2022_175
14962,cluster_SeaTurtleID2022_052
14963,cluster_SeaTurtleID2022_004
14964,cluster_SeaTurtleID2022_201
14965,cluster_SeaTurtleID2022_246
14966,cluster_SeaTurtleID2022_468
14967,cluster_SeaTurtleID2022_240
14968,cluster_SeaTurtleID2022_015
14969,cluster_SeaTurtleID2022_175
14970,cluster_SeaTurtleID2022_038
14971,cluster_SeaTurtleID2022_328
14972,cluster_SeaTurtleID2022_0
14973,cluster_SeaTurtleID2022_230
14974,cluster_SeaTurtleID2022_421
14975,cluster_SeaTurtleID2022_0
14976,cluster_SeaTurtleID2022_023
14977,cluster_SeaTurtleID2022_158
14978,cluster_SeaTurtleID2022_330
14979,cluster_SeaTurtleID2022_094
14980,cluster_SeaTurtleID2022_158
14981,cluster_SeaTurtleID2022_234
14982,cluster_SeaTurtleID2022_142
14983,cluster_SeaTurtleID2022_014
14984,cluster_SeaTurtleID2022_014
14985,cluster_SeaTurtleID2022_585
14986,cluster_SeaTurtleID2022_396
14987,cluster_SeaTurtleID2022_3
14988,cluster_SeaTurtleID2022_217
14989,cluster_SeaTurtleID2022_497
14990,cluster_SeaTurtleID2022_110
14991,cluster_SeaTurtleID2022_213
14992,cluster_SeaTurtleID2022_062
14993,cluster_SeaTurtleID2022_497
14994,cluster_SeaTurtleID2022_497
14995,cluster_SeaTurtleID2022_235
14996,cluster_SeaTurtleID2022_200
14997,cluster_SeaTurtleID2022_0
14998,cluster_SeaTurtleID2022_240
14999,cluster_SeaTurtleID2022_0
15000,cluster_SeaTurtleID2022_497
15001,cluster_SeaTurtleID2022_591
15002,cluster_SeaTurtleID2022_232
15003,cluster_SeaTurtleID2022_585
15004,cluster_SeaTurtleID2022_158
15005,cluster_SeaTurtleID2022_0
15006,cluster_SeaTurtleID2022_566
15007,cluster_SeaTurtleID2022_407
15008,cluster_SeaTurtleID2022_158
15009,cluster_SeaTurtleID2022_038
15010,cluster_SeaTurtleID2022_0
15011,cluster_SeaTurtleID2022_467
15012,cluster_SeaTurtleID2022_175
15013,cluster_SeaTurtleID2022_199
15014,cluster_SeaTurtleID2022_174
15015,cluster_SeaTurtleID2022_231
15016,cluster_SeaTurtleID2022_174
15017,cluster_SeaTurtleID2022_459
15018,cluster_SeaTurtleID2022_171
15019,cluster_SeaTurtleID2022_0
15020,cluster_SeaTurtleID2022_062
15021,cluster_SeaTurtleID2022_076
15022,cluster_SeaTurtleID2022_471
15023,cluster_SeaTurtleID2022_0
15024,cluster_SeaTurtleID2022_0
15025,cluster_SeaTurtleID2022_4
15026,cluster_SeaTurtleID2022_591
15027,cluster_SeaTurtleID2022_318
15028,cluster_SeaTurtleID2022_295
15029,cluster_SeaTurtleID2022_0
15030,cluster_SeaTurtleID2022_022
15031,cluster_SeaTurtleID2022_234
15032,cluster_SeaTurtleID2022_328
15033,cluster_SeaTurtleID2022_038
15034,cluster_SeaTurtleID2022_490
15035,cluster_SeaTurtleID2022_441
15036,cluster_SeaTurtleID2022_073
15037,cluster_SeaTurtleID2022_234
15038,cluster_SeaTurtleID2022_0
15039,cluster_SeaTurtleID2022_490
15040,cluster_SeaTurtleID2022_0
15041,cluster_SeaTurtleID2022_043
15042,cluster_SeaTurtleID2022_0
15043,cluster_SeaTurtleID2022_048
15044,cluster_SeaTurtleID2022_139
15045,cluster_SeaTurtleID2022_158
15046,cluster_SeaTurtleID2022_158
15047,cluster_SeaTurtleID2022_0
15048,cluster_SeaTurtleID2022_094
15049,cluster_SeaTurtleID2022_407
15050,cluster_SeaTurtleID2022_412
15051,cluster_SeaTurtleID2022_0
15052,cluster_SeaTurtleID2022_243
15053,cluster_SeaTurtleID2022_497
15054,cluster_SeaTurtleID2022_175
15055,cluster_SeaTurtleID2022_412
15056,cluster_SeaTurtleID2022_061
15057,cluster_SeaTurtleID2022_257
15058,cluster_SeaTurtleID2022_388
15059,cluster_SeaTurtleID2022_094
15060,cluster_SeaTurtleID2022_016
15061,cluster_SeaTurtleID2022_0
15062,cluster_SeaTurtleID2022_003
15063,cluster_SeaTurtleID2022_076
15064,cluster_SeaTurtleID2022_468
15065,cluster_SeaTurtleID2022_0
15066,cluster_SeaTurtleID2022_016
15067,cluster_SeaTurtleID2022_174
15068,cluster_SeaTurtleID2022_514
15069,cluster_SeaTurtleID2022_305
15070,cluster_SeaTurtleID2022_439
15071,cluster_SeaTurtleID2022_238
15072,cluster_SeaTurtleID2022_231
15073,cluster_SeaTurtleID2022_474
15074,cluster_SeaTurtleID2022_002
15075,cluster_SeaTurtleID2022_0
15076,cluster_SeaTurtleID2022_474
15077,cluster_SeaTurtleID2022_0
15078,cluster_SeaTurtleID2022_585
15079,cluster_SeaTurtleID2022_004
15080,cluster_SeaTurtleID2022_497
15081,cluster_SeaTurtleID2022_298
15082,cluster_SeaTurtleID2022_266
15083,cluster_SeaTurtleID2022_0
15084,cluster_SeaTurtleID2022_0
15085,cluster_SeaTurtleID2022_029
15086,cluster_SeaTurtleID2022_266
15087,cluster_SeaTurtleID2022_234
15088,cluster_SeaTurtleID2022_007
15089,cluster_SeaTurtleID2022_0
15090,cluster_SeaTurtleID2022_0
15091,cluster_SeaTurtleID2022_528
15092,cluster_SeaTurtleID2022_473
15093,cluster_SeaTurtleID2022_497
15094,cluster_SeaTurtleID2022_007
15095,cluster_SeaTurtleID2022_0
15096,cluster_SeaTurtleID2022_014
15097,cluster_SeaTurtleID2022_093
15098,cluster_SeaTurtleID2022_497
15099,cluster_SeaTurtleID2022_234
15100,cluster_SeaTurtleID2022_0
15101,cluster_SeaTurtleID2022_038
15102,cluster_SeaTurtleID2022_490
15103,cluster_SeaTurtleID2022_0
15104,cluster_SeaTurtleID2022_038
15105,cluster_SeaTurtleID2022_423
15106,cluster_SeaTurtleID2022_522
15107,cluster_SeaTurtleID2022_473
15108,cluster_SeaTurtleID2022_038
15109,cluster_SeaTurtleID2022_318
15110,cluster_SeaTurtleID2022_0
15111,cluster_SeaTurtleID2022_061
15112,cluster_SeaTurtleID2022_171
15113,cluster_SeaTurtleID2022_0
15114,cluster_SeaTurtleID2022_230
15115,cluster_SeaTurtleID2022_014
15116,cluster_SeaTurtleID2022_094
15117,cluster_SeaTurtleID2022_0
15118,cluster_SeaTurtleID2022_052
15119,cluster_SeaTurtleID2022_423
15120,cluster_SeaTurtleID2022_234
15121,cluster_SeaTurtleID2022_232
15122,cluster_SeaTurtleID2022_412
15123,cluster_SeaTurtleID2022_426
15124,cluster_SeaTurtleID2022_094
15125,cluster_SeaTurtleID2022_217
15126,cluster_SeaTurtleID2022_029
15127,cluster_SeaTurtleID2022_585
15128,cluster_SeaTurtleID2022_0
15129,cluster_SeaTurtleID2022_471
15130,cluster_SeaTurtleID2022_410
15131,cluster_SeaTurtleID2022_204
15132,cluster_SeaTurtleID2022_003
15133,cluster_SeaTurtleID2022_232
15134,cluster_SeaTurtleID2022_158
15135,cluster_SeaTurtleID2022_471
15136,cluster_SeaTurtleID2022_427
15137,cluster_SeaTurtleID2022_174
15138,cluster_SeaTurtleID2022_0
15139,cluster_SeaTurtleID2022_0
15140,cluster_SeaTurtleID2022_473
15141,cluster_SeaTurtleID2022_474
15142,cluster_SeaTurtleID2022_090
15143,cluster_SeaTurtleID2022_357
15144,cluster_SeaTurtleID2022_427
15145,cluster_SeaTurtleID2022_0
15146,cluster_SeaTurtleID2022_427
15147,cluster_SeaTurtleID2022_470
15148,cluster_SeaTurtleID2022_234
15149,cluster_SeaTurtleID2022_497
15150,cluster_SeaTurtleID2022_201
15151,cluster_SeaTurtleID2022_234
15152,cluster_SeaTurtleID2022_023
15153,cluster_SeaTurtleID2022_474
15154,cluster_SeaTurtleID2022_243
15155,cluster_SeaTurtleID2022_234
15156,cluster_SeaTurtleID2022_175
15157,cluster_SeaTurtleID2022_052
15158,cluster_SeaTurtleID2022_423
15159,cluster_SeaTurtleID2022_0
15160,cluster_SeaTurtleID2022_175
15161,cluster_SeaTurtleID2022_062
15162,cluster_SeaTurtleID2022_062
15163,cluster_SeaTurtleID2022_0
15164,cluster_SeaTurtleID2022_200
15165,cluster_SeaTurtleID2022_3
15166,cluster_SeaTurtleID2022_471
15167,cluster_SeaTurtleID2022_199
15168,cluster_SeaTurtleID2022_0
15169,cluster_SeaTurtleID2022_441
15170,cluster_SeaTurtleID2022_052
15171,cluster_SeaTurtleID2022_061
15172,cluster_SeaTurtleID2022_471
15173,cluster_SeaTurtleID2022_243
15174,cluster_SeaTurtleID2022_234
15175,cluster_SeaTurtleID2022_023
15176,cluster_SeaTurtleID2022_407
15177,cluster_SeaTurtleID2022_497
15178,cluster_SeaTurtleID2022_421
15179,cluster_SeaTurtleID2022_0
15180,cluster_SeaTurtleID2022_0
15181,cluster_SeaTurtleID2022_003
15182,cluster_SeaTurtleID2022_061
15183,cluster_SeaTurtleID2022_062
15184,cluster_SeaTurtleID2022_090
15185,cluster_SeaTurtleID2022_029
15186,cluster_SeaTurtleID2022_0
15187,cluster_SeaTurtleID2022_094
15188,cluster_SeaTurtleID2022_0
15189,cluster_SeaTurtleID2022_468
15190,cluster_SeaTurtleID2022_038
15191,cluster_SeaTurtleID2022_441
15192,cluster_SeaTurtleID2022_023
15193,cluster_SeaTurtleID2022_171
15194,cluster_SeaTurtleID2022_0
15195,cluster_SeaTurtleID2022_242
15196,cluster_SeaTurtleID2022_497
15197,cluster_SeaTurtleID2022_171
15198,cluster_SeaTurtleID2022_298
15199,cluster_SeaTurtleID2022_038
15200,cluster_SeaTurtleID2022_0
15201,cluster_SeaTurtleID2022_061
15202,cluster_SeaTurtleID2022_471
15203,cluster_SeaTurtleID2022_591
15204,cluster_SeaTurtleID2022_0
15205,cluster_SeaTurtleID2022_002
15206,cluster_SeaTurtleID2022_094
15207,cluster_SeaTurtleID2022_421
15208,cluster_SeaTurtleID2022_242
15209,cluster_SeaTurtleID2022_204
15210,cluster_LynxID2025_43
15211,cluster_TexasHornedLizards_unknown_0
15212,cluster_SeaTurtleID2022_221
15213,cluster_TexasHornedLizards_unknown_0
15214,cluster_SeaTurtleID2022_217
15215,cluster_LynxID2025_43
15216,cluster_SeaTurtleID2022_217
15217,cluster_LynxID2025_43
15218,cluster_LynxID2025_43
15219,cluster_TexasHornedLizards_unknown_0
15220,cluster_LynxID2025_43
15221,cluster_SeaTurtleID2022_323
15222,cluster_TexasHornedLizards_unknown_0
15223,cluster_LynxID2025_43
15224,cluster_LynxID2025_43
15225,cluster_SeaTurtleID2022_323
15226,cluster_LynxID2025_43
15227,cluster_SeaTurtleID2022_323
15228,cluster_LynxID2025_43
15229,cluster_LynxID2025_43
15230,cluster_LynxID2025_43
15231,cluster_SeaTurtleID2022_323
15232,cluster_LynxID2025_43
15233,cluster_LynxID2025_43
15234,cluster_LynxID2025_43
15235,cluster_SeaTurtleID2022_217
15236,cluster_SeaTurtleID2022_398
15237,cluster_TexasHornedLizards_unknown_0
15238,cluster_SeaTurtleID2022_323
15239,cluster_LynxID2025_43
15240,cluster_TexasHornedLizards_unknown_0
15241,cluster_LynxID2025_43
15242,cluster_SeaTurtleID2022_323
15243,cluster_SeaTurtleID2022_204
15244,cluster_LynxID2025_43
15245,cluster_SeaTurtleID2022_204
15246,cluster_LynxID2025_43
15247,cluster_LynxID2025_43
15248,cluster_SeaTurtleID2022_204
15249,cluster_LynxID2025_43
15250,cluster_SeaTurtleID2022_217
15251,cluster_LynxID2025_43
15252,cluster_SeaTurtleID2022_323
15253,cluster_LynxID2025_43
15254,cluster_SeaTurtleID2022_323
15255,cluster_SeaTurtleID2022_323
15256,cluster_LynxID2025_43
15257,cluster_LynxID2025_43
15258,cluster_LynxID2025_43
15259,cluster_TexasHornedLizards_unknown_0
15260,cluster_SeaTurtleID2022_323
15261,cluster_SeaTurtleID2022_217
15262,cluster_SeaTurtleID2022_221
15263,cluster_SeaTurtleID2022_323
15264,cluster_SeaTurtleID2022_217
15265,cluster_LynxID2025_43
15266,cluster_LynxID2025_43
15267,cluster_LynxID2025_43
15268,cluster_LynxID2025_43
15269,cluster_TexasHornedLizards_unknown_0
15270,cluster_SeaTurtleID2022_204
15271,cluster_SeaTurtleID2022_221
15272,cluster_LynxID2025_43
15273,cluster_LynxID2025_43
15274,cluster_SeaTurtleID2022_204
15275,cluster_LynxID2025_43
15276,cluster_LynxID2025_43
15277,cluster_SeaTurtleID2022_323
15278,cluster_SeaTurtleID2022_323
15279,cluster_SeaTurtleID2022_217
15280,cluster_SeaTurtleID2022_217
15281,cluster_LynxID2025_43
15282,cluster_LynxID2025_43
15283,cluster_TexasHornedLizards_unknown_0
15284,cluster_LynxID2025_43
15285,cluster_SeaTurtleID2022_204
15286,cluster_SeaTurtleID2022_398
15287,cluster_SeaTurtleID2022_323
15288,cluster_LynxID2025_43
15289,cluster_LynxID2025_43
15290,cluster_LynxID2025_43
15291,cluster_LynxID2025_43
15292,cluster_TexasHornedLizards_unknown_0
15293,cluster_SeaTurtleID2022_217
15294,cluster_LynxID2025_43
15295,cluster_SeaTurtleID2022_217
15296,cluster_LynxID2025_43
15297,cluster_LynxID2025_43
15298,cluster_LynxID2025_43
15299,cluster_LynxID2025_43
15300,cluster_LynxID2025_43
15301,cluster_LynxID2025_43
15302,cluster_SeaTurtleID2022_217
15303,cluster_LynxID2025_43
15304,cluster_LynxID2025_43
15305,cluster_LynxID2025_43
15306,cluster_LynxID2025_43
15307,cluster_SeaTurtleID2022_398
15308,cluster_SeaTurtleID2022_221
15309,cluster_SeaTurtleID2022_204
15310,cluster_SeaTurtleID2022_204
15311,cluster_LynxID2025_43
15312,cluster_LynxID2025_43
15313,cluster_LynxID2025_43
15314,cluster_LynxID2025_43
15315,cluster_LynxID2025_43
15316,cluster_LynxID2025_43
15317,cluster_LynxID2025_43
15318,cluster_LynxID2025_43
15319,cluster_TexasHornedLizards_unknown_0
15320,cluster_SeaTurtleID2022_217
15321,cluster_TexasHornedLizards_unknown_0
15322,cluster_LynxID2025_43
15323,cluster_LynxID2025_43
15324,cluster_SeaTurtleID2022_323
15325,cluster_LynxID2025_43
15326,cluster_LynxID2025_43
15327,cluster_SeaTurtleID2022_217
15328,cluster_LynxID2025_43
15329,cluster_SeaTurtleID2022_204
15330,cluster_TexasHornedLizards_unknown_0
15331,cluster_SeaTurtleID2022_323
15332,cluster_SeaTurtleID2022_204
15333,cluster_LynxID2025_43
15334,cluster_SeaTurtleID2022_204
15335,cluster_LynxID2025_43
15336,cluster_SeaTurtleID2022_204
15337,cluster_TexasHornedLizards_unknown_0
15338,cluster_LynxID2025_43
15339,cluster_LynxID2025_43
15340,cluster_SeaTurtleID2022_217
15341,cluster_LynxID2025_43
15342,cluster_TexasHornedLizards_unknown_0
15343,cluster_LynxID2025_43
15344,cluster_LynxID2025_43
15345,cluster_SeaTurtleID2022_398
15346,cluster_LynxID2025_43
15347,cluster_SeaTurtleID2022_204
15348,cluster_TexasHornedLizards_unknown_0
15349,cluster_SeaTurtleID2022_323
15350,cluster_LynxID2025_43
15351,cluster_SeaTurtleID2022_204
15352,cluster_SeaTurtleID2022_323
15353,cluster_LynxID2025_43
15354,cluster_LynxID2025_43
15355,cluster_SeaTurtleID2022_217
15356,cluster_LynxID2025_43
15357,cluster_LynxID2025_43
15358,cluster_LynxID2025_43
15359,cluster_LynxID2025_43
15360,cluster_SeaTurtleID2022_323
15361,cluster_LynxID2025_43
15362,cluster_SeaTurtleID2022_323
15363,cluster_LynxID2025_43
15364,cluster_SeaTurtleID2022_323
15365,cluster_LynxID2025_43
15366,cluster_LynxID2025_43
15367,cluster_LynxID2025_43
15368,cluster_SeaTurtleID2022_217
15369,cluster_LynxID2025_43
15370,cluster_SeaTurtleID2022_204
15371,cluster_SeaTurtleID2022_201
15372,cluster_LynxID2025_43
15373,cluster_LynxID2025_43
15374,cluster_LynxID2025_43
15375,cluster_SeaTurtleID2022_206
15376,cluster_LynxID2025_43
15377,cluster_SeaTurtleID2022_323
15378,cluster_SeaTurtleID2022_323
15379,cluster_LynxID2025_43
15380,cluster_SeaTurtleID2022_398
15381,cluster_LynxID2025_43
15382,cluster_LynxID2025_43
15383,cluster_SeaTurtleID2022_204
15384,cluster_SeaTurtleID2022_217
15385,cluster_LynxID2025_43
15386,cluster_SeaTurtleID2022_204
15387,cluster_LynxID2025_43
15388,cluster_SeaTurtleID2022_323
15389,cluster_LynxID2025_43
15390,cluster_SeaTurtleID2022_217
15391,cluster_SeaTurtleID2022_398
15392,cluster_LynxID2025_43
15393,cluster_TexasHornedLizards_unknown_0
15394,cluster_SeaTurtleID2022_323
15395,cluster_SeaTurtleID2022_323
15396,cluster_SeaTurtleID2022_217
15397,cluster_LynxID2025_43
15398,cluster_LynxID2025_43
15399,cluster_SeaTurtleID2022_323
15400,cluster_LynxID2025_43
15401,cluster_SeaTurtleID2022_217
15402,cluster_LynxID2025_43
15403,cluster_SeaTurtleID2022_323
15404,cluster_SeaTurtleID2022_217
15405,cluster_SeaTurtleID2022_201
15406,cluster_SeaTurtleID2022_398
15407,cluster_SeaTurtleID2022_204
15408,cluster_TexasHornedLizards_unknown_0
15409,cluster_SeaTurtleID2022_323
15410,cluster_LynxID2025_43
15411,cluster_SeaTurtleID2022_204
15412,cluster_LynxID2025_43
15413,cluster_LynxID2025_43
15414,cluster_LynxID2025_43
15415,cluster_LynxID2025_43
15416,cluster_SeaTurtleID2022_204
15417,cluster_LynxID2025_43
15418,cluster_TexasHornedLizards_unknown_0
15419,cluster_TexasHornedLizards_unknown_0
15420,cluster_LynxID2025_43
15421,cluster_TexasHornedLizards_unknown_0
15422,cluster_LynxID2025_43
15423,cluster_SeaTurtleID2022_206
15424,cluster_SeaTurtleID2022_323
15425,cluster_SeaTurtleID2022_201
15426,cluster_LynxID2025_43
15427,cluster_LynxID2025_43
15428,cluster_LynxID2025_43
15429,cluster_SeaTurtleID2022_323
15430,cluster_TexasHornedLizards_unknown_0
15431,cluster_LynxID2025_43
15432,cluster_LynxID2025_43
15433,cluster_LynxID2025_43
15434,cluster_SeaTurtleID2022_201
15435,cluster_LynxID2025_43
15436,cluster_SeaTurtleID2022_204
15437,cluster_SeaTurtleID2022_217
15438,cluster_LynxID2025_43
15439,cluster_SeaTurtleID2022_398
15440,cluster_LynxID2025_43
15441,cluster_SeaTurtleID2022_323
15442,cluster_LynxID2025_43
15443,cluster_LynxID2025_43
15444,cluster_LynxID2025_43
15445,cluster_LynxID2025_43
15446,cluster_LynxID2025_43
15447,cluster_TexasHornedLizards_unknown_0
15448,cluster_LynxID2025_43
15449,cluster_SeaTurtleID2022_204
15450,cluster_SeaTurtleID2022_323
15451,cluster_LynxID2025_43
15452,cluster_SeaTurtleID2022_217
15453,cluster_LynxID2025_43
15454,cluster_SeaTurtleID2022_323
15455,cluster_LynxID2025_43
15456,cluster_LynxID2025_43
15457,cluster_SeaTurtleID2022_323
15458,cluster_SeaTurtleID2022_221
15459,cluster_LynxID2025_43
15460,cluster_LynxID2025_43
15461,cluster_SeaTurtleID2022_217
15462,cluster_SeaTurtleID2022_398
15463,cluster_TexasHornedLizards_unknown_0
15464,cluster_SeaTurtleID2022_217
15465,cluster_LynxID2025_43
15466,cluster_SeaTurtleID2022_323
15467,cluster_SeaTurtleID2022_323
15468,cluster_SeaTurtleID2022_204
15469,cluster_SeaTurtleID2022_217
15470,cluster_LynxID2025_43
15471,cluster_LynxID2025_43
15472,cluster_LynxID2025_43
15473,cluster_SeaTurtleID2022_217
15474,cluster_LynxID2025_43
15475,cluster_LynxID2025_43
15476,cluster_LynxID2025_43
15477,cluster_LynxID2025_43
15478,cluster_LynxID2025_43
15479,cluster_LynxID2025_43
15480,cluster_SeaTurtleID2022_323
15481,cluster_LynxID2025_43
15482,cluster_SeaTurtleID2022_323
